Sentiment,Text Tweet
negative,Jelek filmnya... apalagi si ernest gak mutu bgt actingnya... film sampah
negative,Film king Arthur ini film paling jelek dari seluruh cerita King Arthur 
negative,@beexkuanlin Sepanjang film gwa berkata kasar terus pada bapaknya
negative,Ane ga suka fast and furious..menurutku kok jelek ya tu film
negative,"@baekhyun36 kan gua ga tau film nya, lu bilang perang perangan/? Perang""an disebut ama rp yaoi jadi ambigu :v"
negative,tolong editingnya yg bagus ya. Saya sering kecewa dgn film indonesia. Ditunggu filmnya!!
negative,"Kecewa dgn salah satu aktornya yg ternyata pendukung penista agama. Ah, saya harus bersabar utk tak menonton film ini."
negative,Kecewa parah sama film the guys. Dear @radityadika sorry to say this.
negative,Banyak yg kecewa abis nonton film ini :(
negative,#TheMummy 2017 adalah film yang paling memgecewakan saya selama hidup. Yah padahal sy udh berekspektasi tinggi dan suka bgt mesir kuno.
negative,"film jelek, jelas. Ga ada isinya. "
negative,awal bulan ini nonton dua film Indonesia di bioskop: kartini dan critical eleven. penggambaran kartini dan ale juga anya terlalu lemah. :( 
negative,"Nonton film #Kartini miris , ternyata di jaman itu dan jaman sekarang bangsa kita tetap bodoh, Serakah, Gila kawin .. IRONIS !! #CelotehPagi"
negative,"Btw Danur jelek banget, gausah ditonton Hans @hansdavidian gue kebayang lo bakal #meantweets soal film ini ntar! Lol"
negative,"Film Kartini trlalu singkat, sehingga penonton yg mungkin blm baca biografi jelas ttg Kartini agak bingung. Saya sndiri emg blm baca bukuny."
negative,"Habis nonton the guys, entah kenapa aku sedikit kecewa nonton film ini.. Dibanding film sebelumnya kok ini anjlok ya"
negative,Yang udah nonton film Alien kok pada kecewa ya. Jadi ragu buat nonton.
negative,satu-satunya kerugian nonton film action itu.. aktornya jadi keliatan jelek :p
negative,Ini film yang bilang bagus...Kelompoknya doang. Yang kasih penghargaan juga dia2 aj. waktu nonton ternyata jelek.
negative,"baik, kita sudahi saja. hidup terlalu singkat untuk dihabisken dengan menonton film jelek."
negative,"Film King Arthur itu tidak jelek namun juga tidak bagus. Biasa saja, cenderung mudah dilupakan."
negative,"Jelek ah jelek Pantas film Dimension tidak pernah dirilis, akting kamu begini ternyata /ga "
negative,duh ini film ribet banget ...
negative,"Dgn durasi film yg tll panjang, alur yg datar, akhirnya stlh #CriticalEleven selesai sy keluar dgn pertanyaan: ini masalahnya apa sih?"
negative,"Banyak adegan penting yang di potong, jadinya merusak film itu sendiri "
negative,"baru selesai nonton film GOAL 3, ternyata penurunan kualitas film nya drastis parah."
negative,Baru keingat film yang cukup beda dengan buku sampai bikin kecewa teman yang ngajak nonton: Black Bulter
negative,ogah nonton lagi saya. Kecewa ama itu film 
negative,"Kecewa berat sama film Power Rangers, dibawah ekspektasi banget "
negative,Bahas soal film yang diangkat dari novel rasanya kalo di bikin film kurang puas aja gitu
negative,"Sebenernya nggak ada yang salah sama akting Prilly di film Danur menurut aku oke oke aja. Yang kurang greget itu ceritanya sih, kurang kuat."
negative,"Tadi abis nonton film balap2 mobil itu,tertidur sekitar 15 menit. Entah lelah entah bosan."
negative,The mummy film yg terasa mulai aneh sejak pertengahan filmnya #mummy
negative,"Memang malah kelihatan aneh kalau ada film besutan Marvel yang ga ada post-credit scene nya,kaya film yg habis saya tonton,#Logan."
negative,Film norak!!!! 
negative,adanya film critical eleven ini jadi merusak image Ale Anya di kepalaku :(
negative,"#FactRica ~ kurang suka sama film-film romantis, karena endingnya pasti jadian"
negative,Dibalik novel yang diangkat jadi film. Terus jadinya kurang. Sesungguhny ada campur tangan produser yang sok tau dengan embel2 lebih menjual
negative,karena ga respect kelakuan si dian sastro ...film itu jadi hambar.... ga bermutu...!!! 
negative,sebnarnya ini film lumyan bgus..sayangnya aktor n aktrisnya dari rusia jadi filmnya trsa hambar
negative,Kalo Nolan bikin film gak ada perempuan seksi* dan bumbu percintaan selalu hambar.
negative,"1. Insidious (2010) Meski creepy dan bagian awalnya bikin tegang, bagian akhir film ini justru terasa agak datar. Hal tersebut berpengaruh+"
negative,Ini gue nonton film homo aja rumit bener
negative,Sayang banget ketika ada film lokal yang bagus tapi budgetnya kurang jadi layar yang bisa di tonton jadi terbatas banget. sayang banget
negative,Film macam apa ini? Nonton nya bikin gue menderita -_-
negative,jadi gue nonton The Mummy ini karena seseorang bilang film nya bagus. tapi kemudian setelah keluar dari bioskop merasa menyesal...
negative,"Semalam nonton film ini, paginya ane download, malem langsung nonton.. ane smpai begadang.. hasilnya? Ane Kecewa... http://fb.me/13sZi5lbC "
negative,"Aku takut kecewa nonton film Danur, takut ga sesuai ekspetasi ketika di buku. Mikir panjang, serius."
negative,Nonton alien : covenant di @cinema21 mall @MciMall kaya nonton bajakan parah ada yg di SKIP mati mati jelek parah!!!! Film bagus jadi jelek 
negative,"gue adalah orang yg jarang bgt nntn film indonesia..krn tiap nntn, gue slalu kecewa sama pembuatan film yg mnrt gue ga totalitas"
negative,"Awalnya agak ragu mau nonton, karena kebanyakan kecewa waktu nonton film dari adaptasi novel"
negative,Sebenarnya gamau berekspektasi tinggi sih dari sebuah film yang diangkat dr buku. Biasanya malah kecewa :(
negative,Ya sudah tidur saja kecewa film nya bukan yang diharepin hufy
negative,"Sama, ane juga kecewa ma nih film, padahal udah lama nungguin"
negative,Ka @selliyamanto udah nonton #MembabiButa? Agak kecewa nonton film tu
negative,Jenuh nonton film... hambar
negative,sesal di dada nonton ini film...
negative,"Netizen membatalkan nonton film ""Kartini"" gara-gara kelakuan @therealDiSastr. http://bit.ly/2o2iRPY"
negative,"film jelek, jelas. Ga ada isinya."
negative,Itu film makin aneh ajaa ?
negative,"Agak aneh film terbaru Conan, baru kali ini gk spektakuler. Tp openingnya hancurin gedung sih"
negative,"@askmenfess Film yang bikin emosional, bener-bener nyedot emosi."
negative,@pandji @InsyaAllahSah Film busuk dan artis dungu merusak bhineka
negative,"Kecewa dgn plot cerita film dengan the guys, critanya seakan lompat ga ada proses visual yg bs bikin kta mengerti mengapa amira suka sm alfi"
negative,jijik banget sama film ini. apalagi pas dia jadi kelinci gede-_- nightmare parah. https://t.co/eDoiFuS8P5
negative,"bnyak yg bilang film Mummy jelek, pdahl pengen nonton"
negative,"Banyak yang bilang, film ini jelek. Daur ulang yang gagal. Di imdb dan ratattote aja ratingnya anjlok. Tp menurutku, aku suka sama film ini"
negative,Naruto adalah film paling bodoh ke-8 haha #faktanya #quote
negative,Gw ekspektasinya film ini punya kekuatan narasi yg gw bisa jadiin motivasi. Tp kalimat inspiratifnya kurang banyak hehehe
negative,Film e hambar
negative,"Film The Mummy menurut gue gak sesuai harapan, agak agak gimana gitu filmnya, weird. Dan bukan film tipe bang tom seperti biasanya -_-"""
negative,yah kirain film baru wkwk penonton kecewaa
negative,"Mau bilang jelek ya bilang aja, sekalipun yg buat film itu teman sendiri. Sebut ""filmya bagus"" padahal biasa aja ngga bkin tmen lu maju sih."
negative,"Abis nonton King Arthur. Temen gw pesen, sblm nonton ""loh, itu film jelek katanya"" jgn selalu percaya ama pesen yg ada unsur ""KATANYA"" .."
negative,Kadang lebih gampang nilai film jelek ketimbang nilai film bagus. Mbuh.
negative,Ini film apa dah. Baru mulai udh bgni-_- jijk
negative,"Film Kartini menang pd pemain"" film yg kelas atas yg sudah punya nama. Tapi ceritany kurang dapat dan kurang riset menurut saya."
negative,"Entah aku yg kurang belajar sejarah apa gimana, tapi entah kenapa konflik yg ditampilkan di film Kartini kaya kurang memenuhi ekspektasi aja"
negative,"Film itu kalau byk di sensor, rasanya g ada, hambar"
negative,Semoga ga busuk kyk film yg pertama
negative,Flm apa ini :) arah dan tujuannya nggak jelas.. Nyesel download ! Sabar... Ini ujian ! — menonton Hangout Film
negative,Hari ini nonton film terasa; hambarr
negative,Kurang mengerti sama film nya the mummy..
negative,Kecewa banyak deh pkoknya.. Setidaknya mslh jam tayang bs aja ngertiin tp klu film di cut itu yg g bs dingertiin #KaulahTakdirkuMembelamu
negative,"Pernah novel favorit di filmkan & hasilnya bikin kecewa parah. Tp dari teaser #CriticalEleven saya yakin, team CE serius sama film ini"
negative,"Intinya, kmren kecewa bgt sama @cinema21 krna mmbiarkan anak kecil nnton film dewasa & jam tayang malam (20.30 WIB) pula #CriticalEleven"
negative,Aduh! Film bagian ini jijk parah
negative,Kecewa parah nnton film the guys ini. Entah kenapa makin ksini radit bkin film gapernah bener. Lucu juga nggak. Jalan cerita juga gadapet...
negative,"Agak kecewa sama film Danur, diluar ekspektasi :("
negative,Ancur bgt itu film. Jelekk
negative,Flm nya jelekk bingittsss.
negative,"Film hangout kok biasa aja sih, malah gak jelas sepertinya. Kecewaa"
negative,Ternyata ending film kamar 207 jelekk
negative,Filmnya aja ngehek...... ini seriesnya ngehek juga ga
negative,Kurang suka sama film #pesbukers cewe2 terllu terbuka penampilannya. Kurang baik klo di tonton anak kecil
negative,Buried ini film budget termurah dengan tingkat depresi tertinggi
negative,"lalu setelah film berakhir, mikir ''ngapain nonton film yang isinya anak sma semua..'' terus agak nyesel :("
negative,"Gila, film Britney Ever After jelek banget parah! Nyesel nonton walau gak sampe abis."
negative,"Film danur nggak seperti novelnya. Harapan lebih serem ternyata cuman bikin boring. Sorry teh, tapi novelnya lebih bagus :)"
negative,ga bakal gua nonton film setan indonesia thur. mengecewakan semua. murahan cuma ngandelin sex
positive,"Keren bang flm lo @radityadika persahabatan, keluarga dan cinta kentel banget. Tokoh pemain pas semua keren bang"
positive,"Habis nonton film Kong: Skull Island 2017. Lumayan greget filmnya, 7.5 deh.. layak buat nobar"
positive,"Bravo untuk #filmkartini! Pemainnya bagus, sudut pandang ceritanya pun menarik. Film yang penting untuk ditonton perempuan dan juga lelaki."
positive,Abis nonton film #kartini. Bagussss bgt! Dr awal sampe akhir haruuuu
positive,#RomanHarusBertahan bangga menyukai film yg mengandung bnyak makna sperti ini.. @RompisRepost @LayarDrama_RCTI
positive,"Tiga kata untuk film #danur : cukup, dramatis dan laris."
positive,Film kartini.. Meski aku agak telat nontonnya. film ini bagus banget...kalian sukses mendeliver cerita dan pesan.. good job guys... 
positive,Aku menangis di akhir film kartini #banggafilmindonesia
positive,"pokoknya kalian harus nonton film kartini, asli KEREN ! @LegacyPictures @Hanungbramantyo nonton di bioskop ya, bikinnya susah loh"
positive,"pokoknya kalian harus nonton film kartini, asli KEREN ! @LegacyPictures @Hanungbramantyo nonton di bioskop ya, bikinnya susah loh"
positive,"film divergent seru-_- ah kenapa udh selesai sih-,-"
positive,"Tentang Get Out. kalo masih ada, cepetan nonton. mending nonton ini dulu daripada Fast Furious 8 http://tz.ucweb.com/4_OaOo "
positive,Saya suka video @YouTube http://youtu.be/JxTmtJ0Fc2U?a  TRAILER FILM THE GUYS (di bioskop 13 April 2017)
positive,"Agak kebanyakan nangis2nya untuk selera saya, tapi secara keseluruhan sy kagum dengan film #Kartini."
positive,"thank you buat mas @awisuryadi dan tim yg uda buat Danur. film nya keren banget.buat tmn2 yg belum nonton, silakan ditonton. rekomended."
positive,#DANUR film horor Indonesia terlaris sepanjang masa dengan 2.690.000 penonton sejak tayang 30 Maret 2017. #ManojPunjabi #DanurMovie
positive,"Bertambah lagi film Indonesia yang bakal jadi favorite. Ya, #CriticalEleven setelah baca buku & nonton. Gak kecewa. Sama2 Bagus @ikanatassa"
positive,nah ini. coba nonton filmnya deh. asik parah 
positive,nah ini. coba nonton filmnya deh. asik parah 
positive,"Nonton Get Out bener2 gk punya ekspektasi apa2, cuma tertarik karna ini filmnya Jordan Peele, dan puas!! Keren parah, film sakit jiwa ini."
positive,"Kalo lagi nyari film comedy, ini recomended nih... Lucu parah! Asli! "
positive,"Cek tread ini aja, Film gak terkenal yang ternyata asik di tonton - https://kask.us/hezsL  banyak nemu film bagus disini."
positive,Sekarang lagi ada film yang bagus banget di bioskop. Judulnya Ziarah. Film Indonesia yang patut diapresiasi.
positive,"Critical eleven film yang bagus. Dari cerita, pemain sampai gambarnya, semuanya bagus. Puas banget dah nontonnya."
positive,Film Ziarah sangat layak ditonton. Pengen peluk sutradaranya yang sukses mengarahkan pemeran mbah Sri - peran umur 95 thn.
positive,Dan akhirnya setelah nunggu setahun mulai juga ni film #KantiniDHijabers
positive,Satu satunya film indonesia yg gue tunggu bgt buat di tonton. Setelah liat filmnya lgsg gagal moveon. Pgn nnton lagiii #CriticalEleven
positive,Tp rasa bangga-nya pasti akan berkali2 lipat kalo film perdananya bisa meledak di pasaran dan tercatat menjadi film terlaris.
positive,"@CenayangFilm mbah, cucumu barusan nonton Night Bus. gila, keren gini ya. tinggal dikit lagi layarnya di bandung mbah, kasian :("
positive,"film indonesia terbaik tahun lalu yang saya tonton. #ziarah diputar di bioskop 18 mei 2017. catat di hape, tonton di hari pertamanya."
positive,Dari awal sampe akhir kagum banget sama film the guys raditya dkk kocak banget @cinema21 @sorayafilms #21TheGuysQuiz
positive,"Papa mama aku juga ikut nonton , mereka termasuk critical sm Film Indonesia,mereka blg film ini Bagus sekali :) terimakasi @Hanungbramantyo"
positive,"Sumpah film danur bagus banget. yg ini nihh baru dapat film yang kenyataan bener,..seru bikin ngageting #DanurMovie"
positive,Buat yg udah nonton The Guys. Pilihan nonton di @cinema21 lainnya adalah #Unlocked film action yg seru. Cocok buat nemenin pas long weekend.
positive,Nonton Film The Guys. Filmnya ngakak Abis ada sedihnya juga film dengan paket yg komplit hehehehe Sukses terus @radityadika
positive,Sumpah ini film bagus bngt! Nonton berkali-kali gapernah bosen film the guys sangat menginspirasi tnx bang udah buat film ini @radityadika
positive,Kalo belom nonton Kartini harus banget sih nonton! Sama film korea judulnya Obsessed tp 18+++ huehe ()
positive,Nangis itu gegara nonton film kartini (1982) yang epic banget.
positive,"Dan film ZIARAH ini muatannya berlapis. Tentang hidup, tentang cinta, tentang sejarah, tentang misteri, banyak sekali yang bisa disimak."
positive,"90.4| Film ""Kartini"" bisa ditonton oleh semua umur. Karena film ini selain menghibur juga mendidik dan menginspirasi #FFF"
positive,"Film sejarah, jarang sekali di negara ini. Jika membaca sejarah saja kita enggan setidaknya tontonlah filmnya @Hanungbramantyo Kartini"
positive,"Pengerjaan film #Kartini terasa sangat sungguh2. Baik dari pemain maupun produksi. Selamat ya, Mas @Hanungbramantyo"
positive,Lapor mbah @CenayangFilm film ini keren. Worth to watch. Syukur2 bisa instrospeksi diri abis nonton.
positive,"thanks for today @andibowooo :-* film #TheBossBaby bagus banget dapet feel nya dari lucu, ketawa , amazing pokonya "
positive,Film Ziarah teramat sangat keren. Bangga. Layak dapat Oscar...
positive,Barusan bgt kelar nntn @filmziarah film lokal pertama yg gue tonton dan berhasil bikin nangis @bewe_bw speechless liat aktingnya @alitalit_
positive,Bahagia telah dipertemukan dengan film keren ini 
positive,Film Kartini bagus bangettt!!!! Wajib ditonton!
positive,minggu lalu nonton #DANUR mau review seneng juga sih film horror Indonesia sudah bagus lagi @CenayangFilm @ScreenSaversID
positive,"#FilmKartini menginspirasi untuk berjuang menjunjung nilai kebenaran, bukan dominasi penguasa dan kekakuan budaya @LegacyPictures"
positive,"10. Kalaupun mau bikin film horror, film Danur bisa jadi rujukan .. ringan tapi menakutkan "
positive,Banyak moral yg bisa dipetik dari film wonder woman. Salah satunya adalah menjaga auratmu dr cowok hidung belang ?
positive,Berikut 5 film horor Indonesia berpendapatan tinggi dalam 10 tahun terakhir. Dapatkan tiket @DanurMovie di http://bit.ly/belidanur
positive,Trust me. #GetOut itu tipe film paling nyaman dinikmati saat kita gak tau sama sekali filmnya mau kemana. Kalau sudah baca sana-sini ya beda
positive,Nonton film #getout berbudget minim tp hasilnya sungguh tk diduga bgtu jenius smp mkir brulang apa yg sbnrnya trjadi
positive,Ini salah satu film yg simple tapi hasilnya luarbiasa. Ga aneh film #GetOut dapet critical acclaim.
positive,"Dan sy bahagia krn film sebagus @filmziarah ditonton oleh mrk. Kalaupun mrk ditugasi gurunya, gurunya itu bagus #filmziarah"
positive,"Film Kartini bagus banget, sebelah saya sampe nangis, artinya film ini mampu memberikan keresahan pada penontonnya."
positive,"Ini film keren, banyak falsafah hidup. Salut"
positive,"Males2an diajak liat The Guys, karena masih ngerasa duit terbang percuma pasca nonton Hangout. Eh ini beda ternyata tjoy, film ini keren."
positive,"Permintaan terbuka untuk warganet Indonesia. Jikalau ada waktu + kesempatan, tontonlah film ""Ziarah"". Salah satu yg terbaik yg pernah ada~ "
positive,"Sampai hari ini, aku masih terngiang2 Film Critical Eleven, ya Tuhan. Betapa aku banyak belajar dr menonton itu. Hemmmm"
positive,habis liat Film kartini yg luar biasa...pemikiran dan gerakan kartini hrs di lanjutkan
positive,#filmkartini @Hanungbramantyo sangat layak utk diapresiasi tinggi. Tak ada gading yg tak retak. Tp cuma retak samar. Film ini BAGUS!
positive,"Di Film Danur, justru yang membuat saya terkesan sosok Asih. Expresi yang datar, tanpa kata membuat penasaran,... http://fb.me/1uxomgQjS"
positive,Danur seru bangat flm nya Yg blm nonton harap nonton #l4like
positive,Film-film tersebut juga cocok lho ditonton bareng anak Anda. Yuk mulai nonton lagi film berkualitas dari Indonesia #BTInd
positive,"Gue udah nonton bang, sumpah pecah banget nih film karena berhasil bikin mewek nontonnya ? https://t.co/e9UbwUtbQJ"
positive,nih film komedi lucu bangt bahasa jawa https://t.co/46I52na21l https://t.co/TopkrZd0DZ
positive,Awalnya sih sempet khawatir setiap liat film adaptasi dr novel takut gak sesuai ekspektasi tp #CriticalEleven malah bikin speechless.
positive,Salah satu film yg gak pernah bikin bosen ditonton berapa kali pun: The Intern. What a lovely movie. @CenayangFilm
positive,"Gk nysel aku bg, uda ntn vlog mu yang the guys dri awal smpe akhir, dan akhrnya terbayarkan sama film mu bang kern kli @radityadika seriusan"
positive,Tadi abis nonton @GetOutMovie. Gokil sih premisnya. Keren lah itu film.
positive,@ernestprakasa Slamat koh ernes atas kemenangan film cek toko sebelahnya Kita kuat karna kita beragam bukan seragam
positive,"ini film keren banget bang Kekeluargaannya, cintanya, persahabatannya, komedinya dpt banget sumpah. Jadi makin cinta sama alfi. @radityadika"
positive,Dan tiap scene Reza-Adinia ini selalu gold moment #CriticalEleven. Ini berdua emg dah ditakdirkan jadi pasangan plg cocok di film saat ini.
positive,"Film yang keren, pemainnya menggembirakan meski banyak penonton menangis. #kartini"
positive,"RT @GreatBos: Jarang nonton movie Indonesia Tapi. Yang judulnya Syahadat Cinta, bagus Pemirsa, Recommended .. Jalan ceritanya SERU! .. Hoo…"
positive,ASTAGAH! FILM FAVORIT KELUAR LAGI LANJUTANNYA. 
positive,"Masih belun moveon dari #CriticalEleven dan ini bikin saya belajar satu hal. Buku yg diadaptasi ke film, gak bisa kita samakan kualitasnya"
positive,"Sudah nonton Critical Eleven. Menyenangkan kok, masuk kategori film Indonesia yang wajib tonton lah."
positive,@unaazizah @yanskii Film keren
positive,Lebih suka film yang bentar tapi menarik #DhikeFact
positive,ga sabar nunggu Bluray nya. pasti banyak special feature yang keren. lebih lucu kalo ada bloopernya
positive,"Film The Guys wajib ditonton bagi kamu yang sayang orang tua, sahabat yang baik, creatif dan cinta kebebasan. Kereen bgt kak @radityadika"
positive,"Film The guys nya keren abiss bang @radityadika . Lucu dapet, romance nya dapet, dan sedih nya juga dapet."
positive,"41 Vlog dan nunggu 22 hari setelah tanggal rilis baru nonton, kece banget, cerita yang tak tertebak sama sekali. Film THE GUYS @radityadika"
positive,Kmrn nonton film THE GUYS di situ bener2 ngerasain bgt bahwa sahabat lebih dari segala2''y knapa bang kalau bkn film sllu keren @radityadika
positive,Kartini... pemamarannya sangat sederhana dan apa adanya yang justru membuat film ini sangat enak untuk dinikmati @Hanungbramantyo
positive,Abis ntn film Kartini. Bnr2 menginspirasi dan makin membuka pikiran.
positive,"baru nonton Kartini, salah satu film nasional yg sangat recommended untuk ditonton. saya nangis, campur aduk rasanya :'')"
positive,Film Kartini *sangat niat banget lihat film ini dan keren sekali dimana banyak scene2 yg sy harus menitikkan air mata #filmkartini #kartini 
positive,KARTINI adalah salah satu film Indonesia bertema sejarah terbaik yg pernah dibuat. Digarap dgn serius dan tema msh relevan dgn kondisi skrg.
positive,harusnya memang begini... Film kartini memang harus di tonton generasi muda http://fb.me/6tQqDGGLJ 
positive,Menurutku danur bagus dan cukup bangga dengan film horor hasil karya bangsa ini
positive,Fargo juga adaptasi dari film yang cukup berhasil. Season 1-nya the best! https://t.co/tkEEK3Evs9
positive,637.000 waw ini sangat keren flm horor dng jumlah penonton segini dlm waktu 4 hari @prillybie @danurmovie
positive,@filmziarah film yang tenang dan menghanyutkan. Salut dengan Mbah Ponco yg bisa membawakan karakter Mbah Sri dengan sangat baik. #FilmZiarah
positive,Film yg amat menarik. Kisah cinta & kesetiaan yg disajikan secara tidak biasa. Bikin kgn nenek. Recomended movie @filmziarah #meiberziarah
positive,"Nntn @filmziarah , film bagus, ada kali 5 menit penonton gak beranjak tetep ngliatin layar pdhl film dah selesai, msh spicles sm endingnya"
positive,aku sejarah selain gurunya enak dan menyenangkan lewat pelajaran ini aku lebih banyak tau hal yang sebelumnya belum tau bahkan film sejarah apapun chaca suka contoh bumi manusia dan kartini ketempat sejarah kaya museum dan galeri kenangan aku suka best
positive,film biografi tokoh indonesia selain soekarno kartini sama bj habibie apalagi ya
negative,digitrkn bu kampanyalar sadece bizde 12 ay sabit sporun yldz 12 ay film dizi paketi kredi kartna 329 bu frsat kamaz digitrk illere zel sporun yldz paketi 12 ay sabit 299 digitrk taraftar paketi film paketi 12 ay sabit kredi kartna 279
negative,digitrkn bu kampanyalar sadece bizde 12 ay sabit sporun yldz 12 ay film dizi paketi kredi kartna 329 bu frsat kamaz digitrk illere zel sporun yldz paketi 12 ay sabit 299 digitrk taraftar paketi film paketi 12 ay sabit kredi kartna 279
negative,digitrkn bu kampanyalar sadece bizde 12 ay sabit sporun yldz 12 ay film dizi paketi kredi kartna 329 bu frsat kamaz digitrk illere zel sporun yldz paketi 12 ay sabit 299 digitrk taraftar paketi film paketi 12 ay sabit kredi kartna 279
positive,mllbbang yang dia jadi mainsupporter role srimulat ada di prime video one night stand sama susuk di netflix short film joko 2017 di youtube jadi guest role soekarno kartini bumi manusia mangkujiwo semua di netflix
positive,buat mengembangkan au himawari mingmin x wonmina aku menonton ulang film kartini dan bumi manusia
positive,abis nonton film kartini tapi ke distract mulu ama kebaya nya cakep bgt pleasee huhu pengen
negative,nonton bareng film kartini yang akan dilaksanakan pada sabtu 25 mei 2024 1330 wib sd selesai sekretariat bem km fkm unand menelusuri jejak wanita pemberani menjadi inspiratif untuk melangkah maju kartini pemberdayaanperempuan 215v2424
positive,moviemenfes nder coba liat kartini 2017 pa awal film aja aku udah nangis keinget mamaku heartbreaking
negative,special ulang tahun keirashabira nobar film dua surga dalam cintaku 8 juni 2024 jam 1500 wib di cgv poins mall jln ra kartini jakarta selatan htm rp 60000 yuk buruan datang yang belom nonton
negative,robertronny therealdisastr officialpilarez sheiladaisha adiniawirasti achmadmegan roysungkono ksuwandi verdisolaiman sumargodenny refalhady kartini ce amp kapan kawin 3 film dg tema berbeda tp tetep ada mbak disa mbak asti amp ma reza
positive,sebelum pengumuman pemenang bagibagi tshirt merchandise film yg saya pernah terlibat saya mau share juga 5 film favorit saya yg pernah saya buat 1 kartini 2 tmbgitw 3 backstage 4 critical eleven 5 kapan kawin mana yg sudah kamu tonton
positive,jatuh cinta berkali sama film dan buku kartini
positive,drercardio 67 yldr tv izlemiyordum ortanca ocuum futbol kursuna gidiyor malar internette salkl izleyemiyorduk dijixxxk balantm ufaklk 1 snf darya kmay azaltt izgi film izleyip duruyordu ortancann da notlar biraz dt tvnin kartn karttm oyalayc ok
positive,oceanizblue ya film kartini yg main dian sastro kalo gak salah
positive,jipaveda woww film kartini itu yang mnaa
positive,1 5cm 2 magic hour film ya bukan jeketi 3 cheer kdrama 4 kartini 5 merah putih movie yg satu dua atau tiga seru semua
positive,eastcrooked semangat lt3 cobain nonton film sang penari juga deh ini bukan film horror tapi ceritanya tentang tari remo sama film kartini juga bisa kayanya
positive,tidak ada yang tau siapa kartini sebelum film ini dibuat
positive,moviemenfes haloo sender nya bisa ku hubungi gak ya kebetulan aku lagi cari partisipan yang sudah nonton film kartini terima kasih
positive,ahh amaze bgt even film lumayan lawas much good lesson good amp classy person dari kartini
positive,trucchiavidy sma kartini itu yang dipake shooting film virgin series bukan
positive,penasaran lah sama orang nya dan ternyata yang bikin film sama kartini juga mantapp ga kaleng2 memang film buatan nya
negative,primatlar haqidagi kartina kassada 300 mln lik dovondan otdi film byudjeti 160 mln
positive,tanyakanrl adek karena habis nonton film kartini kemarin namanya jadi raden adek gendut
negative,itungan di atas kertas 10an juta anggota hmi 10 yg nnton lafran bisa sejuta penonton tapi hampir smua organisasi punya itungan begini waktu sang kyai nu klaim ada 40juta anggota sang pencerah ada 25juta kta muh akan nonton sukarno hamka gie kartini gagal box office
positive,indian filmmaker make movie russia india first cosmonaut medium sarfaraz alam safu head kartina entertainment company involved shooting indian movie russia revealed production house film biography
positive,long break indian film screened shot russia sarfaraz alam safu kartina entertainment said indian filmmaker showing interest recent film including sardar udham pathaan tiger 3 jugjugg jeeyo shot
positive,kartini 48 membantah anaknya pegi setiawan 30 adalah sosok dalam daftar pencarian orang dpo pembunuhan vina cirebon pegi ali perong ditangkap polisi setelah kasus tersebut diangkat lagi ke publik melalui sebuah film
positive,entah knp aku selalu nangis nonton film indopls jangan ketawain akuuu aku nonton kartini 2017 nangis dilan nangis bumi mn nangis 5 cm nangis bahkan aku nonton maleficent pun nangis eh itu bukan film indo ding ya
positive,kartini guru bangsa ho tjokroaminoto nkcthi nokta merah perkawinan make billion b4 grandma dy anime naruto shippuden kalo nonton inget waktu kecil fanatik banget sama blio doraemon yang dinosaurus pi pi sisanya masih cari film lain yg bikin nangis
negative,ikissbladie headcnon yoicbhi h iya grgr pa harinya pa aji pasti libur yuk nonton film kartini
positive,abis nonton film kartini smpe nangis dan bikin nangis bgt tuh pa bagian ibunya kartini blg gini harapan ibu anakanak bisa sekolah dan derajatnya lebih tinggi dari ibu ngasirah
negative,penaltisport kayp dusene sarikart gsterdi film koptu mer hakana krmzy gosteremiyecekkadar ali koc tan kortu krmz kartn zorunlu gsterdi
negative,moviemenfes 13 bom di jakarta film indo kartini film indo big four film indo kimi nawa anime walaupun dari indonesia tapi buat filmnya ok banget sih dan w ga suka anime tapi anime kimi nawa 910
negative,kemana aja gw baru nonton film ini bagus bgt jatuhcintasepertidifilmfilm
positive,60 mln dollarga suratga olingan kartina kinoprokatda atigi 21 mln dollar ishlab topdi bunga asosiy sabab film faqat aqshda taqdim qilingani va primevideo strim xizmatida korish mumkinligi filmda gay richining original stili aktyorlarning ijro mahorati sezilmaydi
negative,karena projecting trauma akibat patriarki dari masa lalunya coba nonton aja film kartini
positive,60 mln dollarga suratga olingan kartina kinoprokatda atigi 21 mln dollar ishlab topdi bunga asosiy sabab film faqat aqshda taqdim qilingani va primevideo strim xizmatida korish mumkinligi filmda gay richining original uslubi aktyorlarning ijro mahorati sezilmaydi
negative,siapa anjir ra kartini sampe diangkat jd film
positive,1 kartini siapa sih yang gatau kartini pahlawan kita ini dibuat versi filmnya dan diperanin dengan apik sama dian sastrowardoyono loh film ini memberikan inspirasi tentang keberanian dan perjuangan perempuan di masa perempuan masih dikekang dan tidak diperbolehkan sekolah
negative,tarot beklentimin zerinde keyifli bir filmdi fakat unu belirtmekte fayda var astroloji tarot bilginiz varsa filminden benim gibi bir tk daha fazla keyif alabilirsiniz nk detaylar ok baarl seilen burlardan final kartna kadar ok baarl adeta film uzun
negative,ya ini film jadi terbalik manusia jadi hewan hewan jadi manusia
negative,could talk woman kartini making fun old woman admire fuckin film poster fuck
positive,mehmetalionel yelek giymesi kartn gstermesi de ayr bi komedi film kliesi gibi
negative,list film 1 500 day summer 2 inception 3 queen tear 4 ra kartini
positive,hmznn09 tanyakanrl film kartini bisa ditonton dmn kak
negative,tanyakanrl coba watch film kartini deh bener bener jahat bgt dulu tuh menurutku sekarang cewe pada keren keren bangett bisa kuliah sampe s3 kerja sesuai passion menjalankan hobinya impian ra kartini terwujud
positive,damn aku nangis terus nonton film kartini
positive,srk last 10 film heroine age srk age age gap always 25 year dunki taapsee 36 yr srk 58 yr jawan nayanthara 38 yr srk 57 yr pathaan deepika 37 yr srk 57 yr zero anushka 30 yr kartina 35 yr srk 53 yr
positive,film kartini 1000000010 gilakk bagus poll perjuangannya bukan maen sampe mata gua sembab enih nontonnya
negative,gilafilmid seingetku ya min soekarno uda ada bbrp film kartini soedirman cut nyak dien ahmad dahlan kh hasyim asyari cokroaminoto emm sapa lagi yak oh wr supratman romo soegijapranata
positive,ononisfikirleri genelde al sattan kredi kartna nakit deme ile cark dnyor karttan 200 lira ek 150 lira ode dn taklar bozdurma da net kar pavyon bar alan ablalarin enitelere aldrd hediyelerin ertesi gn yine ayn kuyumcuya bozdurulmasi ok film hareketler
negative,nntn film kartini ga berhenti dibuat kagum sampe berlinang
positive,walaupun hari kartini sudah lewat banyak pesan positif yang bisa diambil dari sosok kartini seperti moviequote satu ini sahabatsensormandiri sudahkah kamu membuat si pujaan hati hari ini tersenyum budayasensormandiri filmboxoffice
positive,gua cuman mau liatin film kartini guaa wehhh sama tmn sklhh guaaa malahh di bilnginn nilai gua dulu yang di perbaikiiii di ludahi lagiii guaa udah exciteddd ngsihh tau nyaa padhallll
negative,queenston awowkkwkw cocok sih jadi cast ibu kartini gtu buat film cocok yah
positive,3 film indonesia bertema pendidikan ada laskar pelangi hingga kartini
negative,gw ga akan bosen nonton film kartini
positive,abis nonton film kartini 2017 nangisssss
negative,bu film haqida gapirish og ir meni 2 ta singlim bor ko ryotganimda ularni tasavvur qilib yuborgandim nihoyatda og ir kartina ikkinchi marta ko rishga yuragim dosh bermasa kerak singillarimni shunaqangi yaxshi ko ramanki ularsiz hayot ranglarini yo qotsa kerak
positive,nonton layar tancap di alunalun pemerintah kabupaten jepara menggelar layar tancap pada minggu 2842024 di alunalun jepara kali ini yang diputar adalah film kartini jepara layartancap beritamondes
positive,mimin punya film spesial hari kartini nih flixers yang cocok banget untuk kalian tonton semuanya syarat akan makna perjuangan kaum hawa kasih tau mimin di kolom komentar ya menurut kalian film mana yang terbaik asyastory nirmala metani harikartini genflix 2024
negative,gomtokkibee kdramamenfess film dark nun bareng jeonyeobeen
positive,moviemenfes kartini one fav film yang bikin bangga jadi perempuan wkwk mau di rewatch berapa kali juga gabakal bosen
positive,aktris cantik amanda manopo terlihat meniru gaya jeng yah dalam film gadis kretek penampilannya saat rayakan hari kartini itu curi atensi dan bikin terpana
positive,moviemenfes ga bosen bosen ak nonton film kartini mungkin karna kebetulan ak ada keturunan jawa budayanya jdi kerasa relate bgt
negative,dear laras surat kecil kepada laras karakter tokoh dalam film dear david seorang gadis kartini belia yang sedang berproses seolah habis terang terbitlah gelap
negative,moviemenfes baru tau ada film cut nya dien aku baru pernah nonton losmen sm kartini doang nder
negative,random apa aja dibahas kucing jalanan rusak ngopi di warung perjuangan bung hatta ngegosipin semaun sampe bahas kartini versi film hidden figure
positive,ibbcozummerkezi ekremimamoglu evet seim bitti film bitti renci mi silkeliyosunuz yl ortasnda herkesin kartn iptal etmeniz hi ho deil sadece dnemsel olarak yenileme yaplmam herkesin kart iptal edilmi istanbulkart ibb istanbulkart
positive,8 gaya dian sastro v acha septriacha kakak beradik di film kartini
negative,historiaid film kartini garapan h tdk nonjolin kartini gila baca dan punya banyak gagasan sibuk dg urusan kawin paksa oleh orang tuanya
positive,hari kartini dan perempuan pendidik penginspirasi dalam film sokola rimba headline
positive,kok bisa ada orang yang berfikiran mending gausah ada kartini biar cowo aja yang sekolah lo hr liat film kartini si biar tau gimana cewe diperlakukan dijaman dulu tuh hus huss buat yang pernah mikir gitu
positive,kalau kamu tau ini dari film gadis kretek yup ini adalah kebaya janggan selain itu ada kebaya kartini juga yang sering kita lihat
positive,masih dalam semangat hari kartini nih flixers mimin sudah siapin film spesial lho perjuangan seorang anak kecil yang terpaksa berhenti sekolah karena tidak adanya sosok yang menghidupi dirinya dan ibunya harikartini indonesia wanita genflix metani
positive,61 kartini 2017 kalo yang ini beneran random tiba tiba nonton film kartini sejujurnya ini storylinenya oke banget sih castnya gak kalah rame tapi dian sastro keknya bener deh actingnya begitu aja coba nanti kita bandingin dengan gadis kretek yaa karena sama sama latar jawa
positive,transpikiran potret biografi kartini dalam film layar lebar
positive,selamat hari kartini mari terus menginspirasi satu sama lain dalam perjalanan menuju kesetaraan ini dia rekomendasi film indonesia tentang perjuangan wanita tidak ada kreativitas tanpa tindakan harikartini rekomendasifilm videografiunsri
negative,oh baru tau di netflix ada film tentang kartini kemana aja ya aku must watch movie
positive,inget kan kaaak kalo kemarin hari kartini buat rayainnya mimin punya beberapa film yang punya semangat kayak ibu kita kartini nih
positive,1986tbzfilm selamat hari kartini pp
positive,daftar film perjuangan kartini berikut sinopsisnya temposeleb
negative,convomfs anjir suruh dia nonton film kartini coba atau gak baca tuh depan telinganya gimana kehidupan wanita sebelum disamaratakan lu dijadiin baby factory anjir ini itu gak boleh harus bisa ini bisa itu coba bayangin omongan lu gak denger dan dipaksa harus tunduk sama lelaki
positive,spesial hari kartini cek rekomendasi 4 film indonesia tentang tokoh perempuan
positive,berikut deretan rekomendasi film yang kisah karakter utamanya menginspirasi para wanita seperti kartini via detikpop
positive,3 sosok ra kartini di era modern ikut andil membangun bangsa melalui pendidikan dan film
positive,memperingati hari kartini pengurus besar pgri bersama perempuan pgri menggelar berbagai kegiatan mulai dari seminar terkait menjadi pemimpin perempuan yg sadar dan mawas diri nobar film kartini hingga webinar bersama tim cahaya guru eduintap eduint pgri harikartini
positive,5 film inspiratif tentang emansipasi wanita yang terinspirasi dari semangat kartini
negative,film kartini kalau diremake netflix
positive,perempuan perempuan atau ibu di dalam film avatar last airbender itu juga seperti kartini kartini yang punya keberanian dan berani keluar dari zona nyaman kartini bukan last genderbander bukan kartini terakhir tapi ada banyak kartini yang laiknya avatar menjaga bumi
positive,psiid meneruskan perjuangan kartini maksud nya cuma liat film kartini di netflix
positive,semoga kita bisa melanjutkan perjuangan ra kartini di masa sekarang hingga masa yang akan datang selamat hari kartini untuk 21 april 2024 source film kartini 2017 kalian wajib nonton keren bgt
positive,menambahkan sebuah lagu dari film kartini sebuah lagu untuk kartini dan para representasinya di masa kini dan nanti
positive,le nonton film ini di hari kartini banget gak tuh menginspirasi gw dan nyokap untuk terus berjuang walaupun masalah menghampiri setidaknya berkat beliau gw nyokap dan seluruh perempuan indonesia bisa mendapatkan kesetaraan dalam pendidikan ataupun meraih citacita
positive,sebelum hari ini berlalu gw dan nyokap memutuskan untuk menonton film kartini cerita yang emosional apalagi bagi gw yang buset keknya gak bisa bertahan deh kalo ada di zaman tersebut bisa digorok massa keknya
positive,dibintangi dian sastro ini sinopsis film kartini pahlawan nasional yang memperjuangkan hak kaum perempuan
positive,akhirnya bisa kasih liat kalian official trailer 1 access rossa 25 shining year yang bertepatan dengan hari kartini karya ini bukan hanya sekadar film untukku melainkan cerita hidup yang aku harap bisa menginspirasi perempuanperempuan indonesia khususnya seorang ibu
positive,nonton dan diskusi bareng halo sobat sejarah merayakan momen hari kartini sebagai tokoh perempuan yang berjasa buat seluruh perempuan di indonesia yukkk kita nonton dan diskusi barengbareng soal film kartini princess java yang dibintangi sama dian sastro
positive,tontonan seru di hari kartini nih gaes filmfilm ini bisa jadi hiburan sebelum besok kembali beraktivitas perempuan adalah pembawa peradaban r kartini harikartini klikfilm
positive,hari kartini dan perempuan pendidik penginspirasi dalam film sokola rimba
positive,kartini 2017 film kartini merupakan sebuah film biografi yang berbasis pada raden ajeng kartini pahlawan nasional wanita indonesia film ini menceritakan tentang perjuangan kartini cont
positive,love film ini ngingetin aku tentang kamu di tonton ya selamat hari kartini ini nih filmfilm yang ngingetin mineas tentang perempuan hebat kaya kalian
positive,nunggu film biografinya masmas jawa ningrat idola sosrokartono sejarah hidup kakak kartini yang menguasai 35 bahasa
positive,sinopsis film kartini perjuangan emansipasi perempuan film ini merupakan adaptasi dari film ra kartini tahun 1984 berikut sinopsis film kartini yang memukau ini ikuti kami di ragam perjuanganemansipasiperempuan via beritajatimcom
positive,celotehpaimin sore ini lihat film kartini di tv saat adegan kartini menyapa kyai sholeh ndarat bertanya ttg terjemah surat al fatehah aku bayangkn bila aku lahir di jmn itu sebagai rakyat biasa
negative,ga sempet nonton film kartini huhu
positive,21 april kartini lahir dari keluarga berada catatan film kartini gadis yang pecicilan berpikiran terbuka menolak tradisi namun pada akhirnya memeluk takdirnya sebagai wanita yang hidup di zaman pra kemerdekaan dengan lapang dada
positive,film kartini 2017 tampak berupaya menghadirkan bakti dan agensi perempuan jawa secara berimbang namun akhir cerita film tersebut masih belum memerdekakannya
positive,nangis lihat film kartini
positive,uzzi said untuk memperingati hari kartini maka saya persembahkan untuk ibu lewat film
negative,catatan 2017 setelah nonton film kartini bersama anakanak waktu itu lil usianya 9 tahun kenapa anak perempuan tidak boleh sekolah apa boy takut kalau girl lebih pinter
positive,crastfm harus banget nonton film kartini
positive,velix mengucapkan selamat hari kartini hari ini menjadi hari untuk merayakan kegigihan wanita dalam memperjuangkan hakhaknya mari terus menginspirasi satu sama lain dalam perjalanan menuju kesetaraan ini dia rekomendasi film inspiratif emansipasi wanita kartini2024
positive,setiap kali ada yang berpendapat kalau kartini gak pantas jadi pahlawan nasional karena gak pernah sekalipun angkat senjata dalam hidupnya satu studio di hollywood akan membuat satu lagi film tentang overpowered girlboss mary sue sebagai karakter utamanya
negative,yolo inspiratif bgt cocok untuk ditonton di hari kartini karena pemeran utama film ini juga perempuan yg punya mimpi yg tinggi komedinya lucu abis walaupun kadang agak sih ceritanya mengalir membuat gue merasa kayak wah dia aja bisa masa gue ngga sonypicturesid
positive,selamat hari kartini ini dia rekomendasi film indonesia dengan pemeran utamanya seorang perempuan
positive,selamat hari kartini ini dia rekomendasi film indonesia dengan pemeran utamanya seorang perempuan
positive,jadilah terang dalam kegelapan selamat hari kartini untuk seluruh perempuan indonesia harikartini2024
negative,ayo nobar topic pgri nonton bareng film kartini time apr 21 2024 0300 pm jakarta join zoom meeting meeting id 843 8268 9267 passcode pbpgri2 eduintap eduint
positive,mataharitmr mananya yg kartini lebih mirip domentor di film harry potter ini mah ayo tebak ada anak cowo yg nyusup gak disana
positive,2 link nonton dan link download film kartini sejarah pergerakan kaum perempuan indonesia harikartini2024 kartini film harikartini kartiniday
positive,deretan film tentang ra kartini yang menarik untuk ditonton hari kartini tepat diperingati setiap 21 april tepatnya pada hari ini ra kartini merupakan salah satu pahlawan nasional yang punya jasa paling besar bagi music baca di
positive,jadikan semangat juang kartini sebagai motivasi perempuan di sekitar kita selamat hari kartini 2024
positive,tiada awan di langit yang tetap selamanya tiada mungkin akan terusmenerus terang cuaca sehabis malam gelap gulita lahir pagi membawa keindahan kehidupan manusia serupa alam ra kartini selamat memperingati hari kartini untuk seluruh perempuan indonesia harikartini
negative,happy kartini day indonesian woman indonesian female filmmaker never stop making film creating art making indonesia proud kartinkday europeonscreen
negative,perempuan adalah pembawa peradaban ra kartini nantikan sulastri dalam film sumala tahun ini kartiniday harikartini filmsumala sumala
positive,siapa yg naro bawang di film kartini
positive,today celebrate birth national heroine raden ajeng kartini may spirit continues inspire u may see portrayal woman multifaceted lens cinema screen
positive,selamat hari kartini coba dong sebutin film yang memotret perjuangan atau kehebatan perempuan favorit kalian
positive,namun ada sejumlah hal kontras yang membedakan dua film ini nilainilai yang berbeda antara era orde baru dan reformasi mempengaruhi bagaimana sosok kartini disajikan dalam kisah layar lebar
positive,lahir pada 21 april 1879 sebagai keturunan ningrat jawa kartini harus menghadapi masyarakat yang didominasi lakilaki tidak hanya di lingkungan umum konflik relasi lakilaki dan perempuan juga digambarkan menjadi tantangan kartini dalam dua film ini
positive,setidaknya itulah yang terlihat di dua film berbeda yang mengisahkan sejarah ra kartini seorang pejuang hak dan pendidikan perempuan pada akhir abad ke19 dua film itu adalah ra kartini 1982 karya sjuman djaya dan kartini 2017 karya hanung bramantyo
positive,bagaimana kisah kartini di gambarkan di dua film era ini kartini rakartini harikartini film hanungbramantyo diansastrowardoyo sjumandjaya sejarah pinterpolitik beritapolitik politikindonesia politik
positive,selamat hari kartini para wanita indonesia bermimpilah setinggi langit dan jagalah selalu semangat kartini di dalam hatimu
positive,selamat hari kartini untuk seluruh perempuan di indonesia yuk rayakan keberanian dan inspirasi kartini dengan mengintip kembali filmfilm dengan karakter utama wanita tangguh mana yang jadi favoritmu harikartini cinepolisid
positive,selamat hari kartini untuk seluruh perempuan di indonesia yuk rayakan keberanian dan inspirasi kartini dengan mengintip kembali filmfilm dengan karakter utama wanita tangguh mana yang jadi favoritmu harikartini cinepolisid
positive,selamat hari kartini coba kasih rekomendasimu soal film series yg ngangkat kisah perempuan hebat
positive,selamat hari kartini untuk seluruh perempuan di indonesia selain film kartini film apalagi yang mengangkat tema perempuan yang berusaha untuk mendobrak tatanan masyarakat
positive,komisaris direksi dan seluruh karyawan pt produksi film negara persero mengucapkan selamat memperingati hari kartini 2024 terkadang kesulitan harus kamu rasakan terlebih dahulu sebelum kebahagiaan yang sempurna datang kepadamu
positive,selamat memperingati hari kartini 2024
positive,selamat hari kartini selamat hari kartini untuk seluruh perempuan indonesia jangan pernah takut untuk mewujudkan mimpi kalian karena keberanian kalianlah yang akan membawa inspirasi dan perubahan untuk generasi mendatang bersinarlah perempuan indonesia
positive,selamat hari kartini
positive,daftar film inspiratif tentang kartini dan wanita hebat indonesia
positive,indonesianatv film dokumenter yang disutradarai fendi siregar ini memberi gambaran perempuan bisa mewujudkan impiannya seperti harapan kartini tayangan ini memberi inspirasi agar perempuan harus berani bermimpi dan berani bersuara harikartini merdekaberbudaya indonesianatv indonesianatv
positive,selamat hari kartini tonton rekomendasi 4 film sumber inspirasi keberanian emansipasi dan kesetaraan semangat kartini
positive,selamat hari kartini menyesapi semangat kartini semalam 204 ada film dokumenter menarik sepuluh perupa perempuan di website indonesianatv dalam rangka peringatan harikartini penonton diajak berkenalan dengan 10 perupa perempuan yang telah merdekaberbudaya indonesianatv
positive,selamat hari kartini here ratna asmara right 1940 film kartinah based kartini emancipation
positive,7 rekomendasi film tentang perempuan hebat dari masa ke masa bisa ditonton di hari kartini
positive,inspiratif 7 film indonesia bertemakan perempuan yang cocok ditonton saat hari kartini harikartini filmtemaperempuan
positive,10 film inspiratif untuk menyambut hari kartini
positive,berikut rekomendasi film dan buku bertema kartini pahlawan perempuan indonesia
positive,berikut rekomendasi film dan buku bertema kartini pahlawan perempuan indonesia
positive,berikut rekomendasi film dan buku bertema kartini pahlawan perempuan indonesia
negative,bugn film feste biri geldi biletine bakp renci kartn sorduum iin tip tip bakt bana ben boran kuzum diyo ben de nida memnun oldum napiyim yani
positive,inspirasi kebaya untuk hari kartini ala karakter perempuan di film indonesia
positive,menonton film kartini yang dibintangi oleh dian sastro dapat menjadi pilihan hangat untuk mengingat jasajasa yang telah diperjuangkan oleh kartini untuk selengkapnya klik link di bio ya
positive,cup tea cup tea kali ini membahas kisah inspiratif dari film kartini dalam rangka memperingati hari kartini kita diharapkan mengingat kembali usaha kartini memperjuangkan hak perempuan
positive,yuk santai sejenak sambil bersiapsiap menyambut hari kartini slemanis berikut 5 lima rekomendasi film yang memotret perjuangan perempuan dalam meraih kesetaraan pendidikan dan kesejahteraan
positive,caranya mudah lho kamu hanya perlu menonton film dokumenter 10 perupa perempuan dan membuat review filmnya yang berkaitan dengan makna hari kartini melalui caption postingan instagram atau utasan di twitterx
positive,sinopsis film yang terinspirasi dari kisah pahlawan perempuan kartini
positive,kayyie study progress sedikit sedikit belajar lagi yeaay nyambi editing poster buat film kartini sekolah masih lanjut revisi tt biar gak mumet coping mechanism nyaa baca novel hihi ditemenin sama si kicil hijau mungil
positive,2 kru diberi kabar oleh salesmarketing kantor untuk menemui mba dian di bioskop pi plaza indonesia sekitar jam 2 siang beliau sedang promo film barunya kartini di sana berangkatlah kita 2 tim di dua mobil terpisah dari kantor
positive,silsilabel kalo lagu aku biasa dengerin ost kartini ini sil untuk filmnya juga kartini ini bisa masuk kedalam list sama film marlina si pembunuh dalam empat babak
positive,berita terpopuler trending topic sinopsis film surat cinta untuk kartini hingga drakor goodbye earth
negative,hyogs4life ek4isahhh jelase onok nek kartini mjk durung ngerti pasti e jek buka ta gk nek garasi analog sby langgannane kncoku nek tuku film bulkreroll
positive,sambut hari kartini ini sinopsis film surat cinta untuk kartini
positive,fakta kalau kaum perempuan pd saat itu tertinggal dan dibatasi b lgsg dilihat kok dr film ra kartini 2017 amp habibie ainun
negative,mcmutluu tramtrumbrum hughugkusu sylerler mi hi kedimin tedavisine bir araba para harcammdr aylarca gereksiz dnyalar kadar ila milyon tane tahlil test film cart curt kredi kartn bankoya teslim etmitim artk sonu hayvana iyi gelmek yerine iyice yordular ld
positive,yenerxs eskiden kredi kartna fark alyorlard imdi sigara datclar madem sen mteriden alyorsun 1 maystan itibaren bana yaptn kart demelerinde bende alrm dedi asl film zaman balayacak
negative,rufflesipek ok rahat aarlar sebebi ne biliyor musunuz bizim insanmz birbirinin mezarn kazarken bu kimseler birbirine destek oluyor bizler bir eyler alrken kredi kredi kartna abanrken bu ahslar einden dostundan kredi niyetine para bulup kendilerini iletme aabiliyorlar
negative,moviemenfes udh nonton dan gara2 film ini dulu sempet trauma sm film horor thailand menurut aku film ini msk ke jajaran film horor paling serem yg pernah aku tonton walau udh nonton bnyk film horor tp ttp membekas bgtt
positive,moviemenfes mana film ra kartini nya
negative,moviemenfes banyak tp film pertama yg bnr2 ga disangka bakal suka itu kartini
negative,hmm aku nih suka banget nonton film tapi selalu lupa apa aja yg udah aku tonton jadi yang keinget aja ya top 5 1 surat dari praha 2 sayapsayap patah 3 mencuri raden saleh 4 nkcthi 5 kartini
positive,moviemenfes film yang di angkat dari sejarah kek manusia bumi seokarno kartini dll
positive,moviemenfes keramat 1 perempuan tanah jahanam pengabdi setan 1 mencuri raden saleh ayatayat cinta ada apa dengan cinta 1 2 negeri 5 menara 5cm 13 bom jakarta kartini bumi manusia series film nya nkcthi sama seriesnya habibie amp ainun
positive,butuh rekomendasi filmfilm pra kemerdekaan buat tambahan referensi menulis kali ini bosen juga tiap beli netflix rewatchnya kartini sama bumi manusia mulu
positive,film kartini yg yenni rahman bulikku dan teman2nya jadi figuran pa adegan kartini ngaji sama mbah sholeh darat
positive,mau brp kali rewatch film kartini ttp wae ngucur air mata q
positive,tanyarlfes menurut gua itu cuma film tapi kalo sampe lu nya tersesat ya berarti otak lo sih sdm rendah biasanya gitu biasanya
positive,asraghalil ofkeliradfem hanmefendinin dedii doru bu arada modern toplum sonras kadnlarn gcnden nasl ekildiini nobel ekonomi dln kazan kiinin almasndan bulabilirsiniz alan kadnlarn maa kartna da ken erkekler
positive,sekitar30317590 kita hidup dalam realitas bukan dlm dunia fiksi tahun 80an steven spielberg mbuat film back future ii iii dlm film itu digmbarkan manusia dimasa depan di thn2000 yg modern dan serba canggih stlh thn 2000 yg ada difilmkan kagak terbukti pesanjgn percaya dgn film
negative,abis nontn shogun amp song south makin mikir knp indonesia ga bikin banyak film ttg kolonialisme yah bayangin aja 350 th itu bisa bikin berapa juta versi dramafilm aslian semenarik itu layout film jaman dulu liat aja kartini laskar pelangi tenggelamnya kapal vdw dll
negative,engkohchasiu disa pancen ra njawani film kartini yo ngono kuwi
negative,titanik filminin vizyona giri tarihi 20021998 say deeri 4 tarotta imparator kartna denk geliyor bir kiinin olayn durumun say deeri drt ise alanndaki konuda zirve yapmaya msaittir yerinden kolay kolay edilemez bu film tarihi gzel bir denk geli olmu
positive,tifosi06 mertsbl34 yasineer sparkta 3 gece arac brakyorum servet brakp kyorum ekrem binali kim gelse ayn paray verecektim ekrem de anne kartna verdii avans bizden karyor sikerim sand evimde yatar film izlerim
positive,c4kd3pp toegiman pdhl cuma di studio utk bikin film bukan ke ruang angkasa
negative,trialles ben de arabaya cam film yaptracaktm karttan vereyim dedim olmaz yzde 20 kesinti oluyor nakit ver dedi dedim nasl olur kredi kartna bu kadar kesinti fatura kesmicek akal ondan bahsediyormu
negative,johnhomebapa semararaka refublikateis kok sama yah dgn film gravity mungkin dibuat di studio yg sama
positive,gueee dan know kartini itu film bagus cokkk semoga dengan nonton film kartini bisa ngebuka mindset kalian tentang seorang yg meninggikan derajat prempuan karna gen kepintaran itu turun dari seorang ibu bkn dari seorang ayah
positive,spa yg lagi tergila sama dian sastro smpe bakalan mau nonton film nya start dari film kartini 910
positive,sosmedkeras studionya pasti sama dgn studio ketika membuat film gravity
positive,kisah tersebut diangkat menjadi sebuah berjudul film kartini yang rilis pada tahun 2017 eksplorasi pemberdayaan perempuan melalui film ini memiliki dampak yang signifikan dalam membangun kesadaran akan pentingnya peran perempuan dalam perubahan sosial serta memberikan con
negative,maestroanil ikeye sevinmekte moda olmu film izledik hayali 4 dk 9 dk eklenip 13 dk ile hakemin tff talimatyla hediye ettii anlar tehdit ihtiras hr yazk bir takm bu kadar prim yapar yap kredi kartn iptal mi etsek bu gidile fb bankay batracak yazk adalet art alet olmayn
positive,selaluuuu tiap habis nonton filmnya dian sastro itu aku gamon parah kek gabisa langsung beralih ke film lainnya aku harus nge hype dulu padahal sebelum nonton kartini ini aku nonton film lainnya dan langsung lanjut ke kartini kekkkk aduhh pesona dian sastro
positive,kisah para pendakwah adalah seri film dokumenter tentang pengalaman filosofi dan prinsip hidup para pendakwah yang telah mempengaruhi perspektif masyarakatnya dalam memandang agama islam next
positive,8 rekomendasi film tentang woman empowerment kisah perjuangan wanita bak kartini
positive,aku nonton film kartini nangis grgr yaaa begini kek cewek dilihat sebagai bawahan cowok nggak ada kesetaraan
positive,abis nonton film kartini sedih juga
positive,sosmedkeras ngapain nangis orang dulu ya rata rata begitu nonton film kartini dulu kl gak percaya
positive,lesssugaarr bisaa kakk kemarin aku pernah mengerjakan analisis film juga untuk film kartini sini sinii kakk bisa bangett yukk boleh dm aku ya untuk detailnya
negative,upifess dulu nyusun skripsi sambil nonton film kartini jadi semangat ngerjain skripsi asli inimah soalna jadi mikir orang dulu cuma pengen sekolah effortna sesulid itu kenapa aku yg udah dikasih kemudahan segini banyak ga bersyukur nah kitu
positive,wan abud seperti bintang film yang tak pernah puas dengan satu peran storyrisma
positive,pak anies memiliki gagasan yg bagus sekali ketika debat capres yg lalu beliau bilang nanti kita akan membuat film seniman kuliner dan budaya indonesia menjadi tuan rumah di negeri sendiri dan sekaligus tamu mempesona di negeri org gagasan ini kandas krn kecurangan pilpres
positive,leksa iya ini film pertamanya tapi maksudnya buat film biografi kehidupan seorang sofia wd gitu film2 biopic kebanyakan tokoh sentralnya laki2 jarang yang perempuan ya paling ada cut nyak dien dan kartini apalagi ya kenapa nggak sofia wd ya
negative,testimoni wanda hamidah untuk film kartini lewat youtube
negative,testimoni wanda hamidah untuk film kartini lewat youtube
negative,testimoni wanda hamidah untuk film kartini lewat youtube
negative,amirulruslam betul x perlu pn softporn bagai ni x kelakar dan cringe max klu nk tnjuk woman empowerment better rujuk film indonesia mcm kartini etc
negative,koreyslar ishlagan filmini vaqt otgan sari naqadar buyuk kartina ekanini tushunyapman oddiy hayotiy muammolar chiroyli ijro etilgan filmda bekorga oskar olmadi film
positive,wah masyarakat bali ini kalo jadi penulis skenario film pasti bikin cerita politik yang absurd banget aasehunie
positive,joki sinopsis film kartini
positive,icardinin grnts ile emrenin dolays ile ankaragmn satn dahi rizesporun verilmeyen drt krmz kartn nasl unutturdular dei tonton diye slogan olan izgi film vard onun gibi istedikleri ekilde gndem deiiyor
positive,cheeseorcheerss ada tidak dari bawaslu mengatakan film dirty vote itu black campgin pdhl film dokumenter itu menjelaskan bgmn kejadian di mk yg bisa meloloskan gibran jadi cawapres
positive,cheeseorcheerss di film dokumenter dirty vote sudah dijelaskan
positive,lolosnya gibran menjadi cawapres prabowo itu hasil persengkokolan jahat antara istana dan mk makanya tonton film dirty vote
positive,aesculapiusw mulkanjabariyan mindlipstick nurseilan elf4hm1 hoax ah itu bisa di buat dlm studio film sprt film gravitiy
positive,film yang akan diputar dibalik 98 twcw mungkin flash tembakan kerusuhan mungkin darah untuk trailer terlampir dan film nanti nanti kalau waktunya belum terlalu malam film kedua akan diputar kartini
positive,ini mah dian sastro di film kartini
positive,salah satu film yang menceritakan seorang pahlawan wanita yang hebat dan memiliki banyak makna bahwa apa yang diwariskan kartini pada perempuan zaman ini digapai dengan halhal yang tidak mudah perempuan kartini filmpahlawan
positive,14 feb 2024 hari inii aku ngelanjutin recording dari pelat sama nyelesain cerpen bahasa jawa doang terus nonton film kartini bagus bangett rest well
positive,lisa blackpink akan turut bermain film dalam serial white lotus
negative,jossprobo agentpin fdonghun chavesz08 bawasluri kpuid pasti blm liat filmnya jk anda nonton anda pasti tau kalo film itu adl kliping berita di internet mengenai ke urangan di pilpres bkn menyudutkan 02 saja tp semua paslon tp ya namanya fakta gak mungkin dipercaya sm 02 kalo isu antek amerika di tiktok pasti jelas dipercaya
negative,wan abud kayaknya lebih cocok jadi sutradara film horor soalnya aksi purapura jadi nelayan di kampanyenya serem banget khaizchu
positive,jadi inget quote di film kartini perubahan tidak bisa berjalan sendirian kita harus berbagi
negative,wordfagg kapanliburr moviemenfes ok boba hanya karna kamu jadi narsub tugas akhir anak ugm malah jadi spam bgt di sini bela boleh tapi itu si emg ga sejalan sama yg kaya di film jadi hipokrit cuy kartini modern meranin film yg moralnya bagus tapi kelakuannya enggak buat apa wrwrwrwr
negative,yvonemunster bu filmler ou salonda yok u anda normal vizyon filmleri 350 salonda girerken 93 salonda var bu film dier vizyon filmleri de hatayda var zaten depremzede kartn oynayarak spesifik film istemek bilemedim
negative,filmindosource mogamaga kedepanya freya dapet peran jadi kartini di film biopik kartini versi lebih muda
positive,mona lisa smile 9810 setting massachusetts 1953 film tell u story young woman u lived life time kayak kartini nya u nice one julia robert always favourite actress watch netflix
positive,16 yanda vesikaln daily bugle giri kartna yaptran emeklinin ben heyecanl gn spiderverse n film mziklerini besteleyen danielpemberton la spiderman mitolojisi live concert serisiyle ilgili syletik
positive,doctorfabre kampanye pake gambar kartiniklo pa nonton film porno ganjarpranowo suka artisnya siapa genrenya apa negaranya darimana boleh dong saya sebagai rakyat indonesia tau lebih dalamtentang kesukaan film capres 03 kali aja menjadi inspirasi siapa yang tau
positive,4 kartini brieven aan mevrow r abeendanonmandri en haar echtgenoot c w watson buku 5 panggil aku kartini saja pramoedya ananta toer buku 6 verso kartini discus lagu 7 kartini film
positive,nyemangatin hidup pake cara nonton film cokroaminoto buya hamka ama kartini
positive,wan abud kayaknya sering ngelupain kalau dia calon pemimpin bukan bintang film horor yang harus serem terus person
negative,wajah wan abud kayaknya lebih cocok jadi bintang film horor daripada jadi pemimpin miasaliya
positive,siapa sangka kereta keraton yang dijadikan properti di film bumi manusia kartini sultan agung dibuat oleh warga kabangjo sidomoyo godean sleman daerah istimewa yogyakarta diy baca selengkpanya di medsosid medsosnews andong bengkelandong
negative,tp yaatr kredi kartn kim verecekkki sokak kadnna sonu belli film
positive,hidup adalah sebuah film tuliskan akhir cerita yang anda inginkan tetap percayai
negative,tita83079013 baik ibu kartini maupun cut nyak dien itu sehari2nya jg berkerudung lihat film amp riwayat mrk donk
negative,ridiculously slow paced knew srirams film take time unfold one super dud kartina vjs good part overall boring affair merrychristmas aint fancy ought
negative,unutmanehri sadece bu kitab bankas kartna 25 indirim vard belki ondan dolaydr
positive,howtodresvvell di film kartini berarti cuma cinta yg lagi cosplay juga dong
negative,itu karena dia keknya ga terlalu sering main film jadi ga terlalu keliatan range nya tp pa kartini enggak kok imo bagus bgt dia
positive,yang di film kartini juga bagus
negative,merry christmas box office collection day 1 katrina kaifs film saw substantial growth towards evening show film minted r 230 crore opening day vijaysethupathi kartina merrychristmasreview merrychristmasmovie
positive,jiwoongub bukan org yg sering nonton film tapi girl nowhere money heist ver asli amp korea tapi ada 18 sweet home gyeongseong creature nevertheless demon doona reply 1988 mr queen 20th century girl 18 glory little woman gadis kretek kartini wednesday
positive,seorang laura basuki aja bisa kena kdrt mana diselingkuhin pula udah gitu kena cekokan kalau sekali nikah ga boleh pisah apapun alasannya depresif kartini kalo liat nih film auto kesel sih tapi ceritanya unik dan tentu saja ada plot twist berlapis bicara film sehidup semati
positive,like way thalapathyvijay sir dance first ad film got know great dancer knowledge dance kartina kaif thegreatestofalltime actorvijay
positive,artis jepang multitalenta ayaka miyoshi sempat bernyanyi dengan kelompok jpop sakura gakuin sebelum menjadi bintang film
positive,convomfs rewatch film kartini
negative,bisa gitu ya ending layangan putus cameonya dian sastro remembered reza amp dian dalam 1 film itu di film kartini aja kan ya
negative,trinil ini kan panggilan kecil ra kartini ya kenapa jadi judul film horor ya allah
negative,film kartini bagus bangettttt sumpaaaa ga expect sebagus ituuuu
positive,kayaknya dalam jangka waktu tiga hari minimal sekali deh rewatch film kartini supaya jiwa pejuangku muncul buat belajar materi ikd yg memuakkan ini
negative,daftar film biopik dari jokowi ahok hamka soekarno ra kartini apa film anies baswedan temposeleb
positive,korsan film izleyen kitab fotokopii ektiren hamburgerciden peete alan aliade et taktii ile kredi kartn nakte eviren neslin vergi duyarll gzlerimi yaartt fi kesmeyi akl edemedikleri iin gelecekte maalarnn yarsnn vergi kredi faizi olarak kesilecek
negative,ok masrafl artk yapamayz kartn ne srp 350 milyon dolara gray slop film ekiyorlar
positive,ricardobobby hewan purba yg mana dinosaurus hahahaha korban dr film jurassic park hahahaha
positive,awalnya pa tau pemeran dilan kek apaan si kok iqbal gaada yang lain makin kesini bagus sih emang paling suka pa film mencuri raden ajeng kartini
positive,tanyarlfes mending film yg agak mendidik kaya kartini itu bagus bgt loh nder
positive,aku tadi abis ganti usn salah satu akun instagramku yang sudah berdebu menjadi esen review hehe jadi tergerak bikin ini karna pengen review film kartini 2017 yang baru saja ku tonton besok setelah seminar dan sembari ngerjain kerjaan freelance mau mulai ngedraft deh
negative,taufikdamas yg satu doyan berzinah yg satu lgi doyan film porno klop bgt
negative,mamakku disetelin film kartini ngomen mulu ya allah dek jalan aja ribet amat
positive,red flag film garapan sineas rembang raih penghargaan di navi film festival 2023
negative,classicmojito salman khan kartinas character least 40 screentime solo action drama scene tiger 3 kat film completely wrong
negative,malu aku nonton film kartini 2017 aja belum sbg pembelaan aku baru suka film indo tuh taun 2021 amp emg kurang suka film sejarahbiografi sih wkwkwk pdhl cuitan yg dikutip sedang memikirkan serial indo genre sejarah ceunah sy baru kepikiran amp spertinya baru suka skrg
positive,sejauh ini aku nangis paling kejer pa nonton film kartini dua kali nonton tetep nangis yg pertama nangis sampe satu jam setelah nonton yg kedua nangis lebih kejer di scene yang sama kek nangis sebelumnya
positive,semalem krn nonton film kartini pa scene kartini mau jadi raden ayu nikah trs sungkem dan pamitan sama ibunya
positive,sefkelik blame film kartini hanung bramantyo yang gak sedikit bikin orang mikir kartini jd bootlicker nya belanda
positive,comicsbyvien kartini biopic much better blend creative freedom historical accuracy course minor deficiency latter aspect overall film enjoyable portrayed circumstance time quite well
positive,teaser film ra kartini scene dicegat pa naik delman itu juga agak aneh bahasa jawanya kebanyakan kalau akting jadi orang jawa cuma dimedhokmedhokin
positive,ra kartini dlm film bukan cuma diperani jenny rachman n dian sastro banyak yg lupa bila rania putrisari 29 juga bermain dlm suratcintauntukkartini2016 film ke11 artis asal surabaya ini dokudrama desaparapemimpin yg berlokasi di akebay maitama tidore maluku utara
negative,salah banget nonton film kartini sambil makan baru awal film udah mewek ga mood makan jadinya
positive,ternyata film gadis kretek ini baik dari plot twist latar belakang sejarahnya whole tragedy message acting undeniably outstanding dan dalem bgt ikutan sedih nontonnya ternyata think gonna indonesian historicalromance movie yg w suka keren
positive,fendy pradana murti sari dewi elly ermawatie amp hengky tarnando sukses memvisualisasikan sosok brama lasmini mantili dan gotawa di film saur sepuh yg legendaris
positive,bak bu piyanocu bak fotoraf ile atyorum piyanocu film ne zerine piyanocu ite oras mia aim nemli olan bura hava kuvvetlerinden gdml fze kodlamas ben de perdeleme ya bu sefer de hedef kartn almak diye kodlama yapyor bu da yedii dnerlerle hava basyr
positive,di jam sekarang belum tidur ketambahan nangis gara gara film kartini yang waktu pamitan sama ibu kandungnya anjengggg
positive,dian sastrowardoyo dalam film kartini
positive,right meaning kept share others change could happen sosrokartono film kartini 2017
negative,di film kartini juga kaku
negative,clonazepump imo tp dari dulu nonton film doi emang gak pernah suka kalau doi mainin karakter yg deket sama kehidupannya aadc 724 aruna amp lidahnya jadi bias bgt cuma kalau nonton kartini dan 3 doa 3 cinta pasti jadi sadar kenapa dia pantas disebut aktor kualitas tinggi
positive,baru tau film kartini yg main mba disa
positive,trsmryntrhy clonazepump txtdarisinefil coba nonton film kartini deh menurutku intonasi dan body language nya di gadis kretek miriippp bgt sama pa dia main di film kartini aku pa ntn eps 1 gadis kretek lah sama kayak di kartini wkwk
positive,izgi film izleyerek uyuyakalmak kartn oynuyorum artk yoksa sabah bulucam
negative,ani super exclusive interview salman khan kartina kaif successful running film tiger3 yashraj studio mumbai beingsalmankhan katrinakaiffb yrf tiger3fromnov12 salmanakhan katrinakaif tiger3boxoffice
negative,kenapa logat jawanya mba dian lebih mantep di film kartini ini yah daripada gadis kretek
negative,tuncsoyer otomatik kart dolum sistemi bozuldu sanrm kredi kartndan para ekiyor ama ulam kartna yklenmiyor mehur film replii gibi araba nerde mteride para nerde mteride
negative,judahlion88 ini video hoax lihat aja sprt di film film buat yg begini kan mudah di studio film
positive,habis nonton film kartini sumpah bagus bnget baru ngehhh
positive,terus tibatiba muncul rekomendasi film kartini yang ternyata dian sastro juga yang meranin coba ah masukin list dulu dan ditonton nanti
positive,kesuksesan dian sastro memerankan sosok kartini membawanya kembali sebagai jeng yah di gadis kretek ajaibnya film ini melejit di chart netflix di sejumlah negara applause buat dian sastro hanung bramantyo dan segenap tim tak lupa untuk filmseries buatan indonesia
positive,list nonton besok film kartini dan soekarno
positive,damaiplth ngasih tau film kartini sedih
positive,guy rekomendasi film di netflix dong aku gamon nntn gadis kretek malah lanjut nntn kartini trs skrng bingung
positive,kasi aku rekomen filmseries yg ada sejarah2nya gitu dong kaya gadis kretek kartini
negative,acak aja tetiba nonton film kartini lah nangis apaapaan
positive,film kartini 2017
negative,abis nonton gakret gadis kretek jadi nyari lagi film dian sastro lainnya trus nonton kartini bagus juga hahaha ga pernah gagal sih dian sastro ya
positive,ternyata film kartini buagus bngtt ngingetin aku sama museum kartini pertama kali ke museum kartini aku tanya ke penjaganya kenapa kok museum kartini di rembang nggk di jepara ma dijawabnya mergi raden ajeng nikah kalian bupati rembang blok bngttt aku nggk tau sejarah
negative,6 film feminis eropa timur terbaik miri sampai hangatkan hati
negative,setelah nonton gadis kretek jd kepo sm film2 mbak d lain selain aadc terus jd nonton film kartini menurutku mbak d di film kartini logat jawanya dpt bgt bahkan b ngomong jawa kromo tapi bingung jg kenapa pa main jeng yah malah logatnya gak ada
positive,moviemenfes gundala amp mencuri raden saleh masih dijajaran film indo teroke bagiku oiya nder film setting lawas yang bagus juga lainnya ada bumi manusia amp kartini yg juga diperankan oleh mba dian sastro loveee
positive,titiwakmar setuju sama aksen d amp ario wagu banget sejak di film kartini udah wagu kirain udah develop jadi agak wagyu ternyata masih wagu eman banget putri marino gt disa
positive,akfnbhn itu film kartini
positive,caksugenk kayaknya itu film kartini
negative,sevanora 810 buat indo ini udah bagus banget plotnya lumayan rapi dan banyak kejutan akting pemain utama mendalami tapi pemeran pembantu lumayan aja sinematiknya ya khas film indo tema masa lalu gini kayak bumi manusia kartini
positive,kaaakkk rekomendasiin film atau series dong jangan judge taste ku ya ini beberapa yg baru aku tonton sih movie 1 home rent 2 sister death 3 missing 4 hunger 5 unfriended dark web 6 place mine 7 kartini tellonym
negative,dont watch much movie yang ngangkat tema jaman dulu tapi far film film kayak bumi manusia kartini dan gadis kretek ngegambarin kalo dulu tuh orang orang bener bener gabisa sebebas sekarang term akan menjadi apa mereka
positive,wlnfza kalo gw sih disuruh nonton marvel dulu gratisan terus besoknya era tour dpt 2 film di imax pula malah kesenengan yg ada
negative,arisan ayatayat cinta dan kartini akan mengarahkan film descendant sun versi indonesia wah pasti seru nih kita tunggu kabar selanjutnya ya
positive,ayatayat cinta dan kartini akan menggarap film ini jadi jangan lewatkan kesempatan untuk menyaksikan kisah cinta yang epik ini di layar lebar
positive,7 kartini 2017 kartini adalah film biografi tentang ra kartini tokoh penting dalam gerakan emansipasi wanita indonesia dian sastrowardoyo memerankan kartini dalam film ini menggambarkan perjuangan kartini dalam memperjuangkan hakhak wanita dan pendidikan
positive,nani wijaya mulai berakting di film layar lebar tahun 1960 dan sudah membintangi lebih dari 50 film nani pernah meraih dua kali piala citra sebagai pemeran pendukung wanita terbaik dari film yang muda yang bercinta 1978 dan ra kartini 1982 arsipkompas adadikompas
positive,habis nonton film kartini jadi kagum banget sama beliau
negative,tapi masih terngiang2 sm gadis kretek sih masih tercengang sm actingnya dian sastro dulu nonton kartini juga di buat jatuh cinta sm mba dian sastro ini peranin wanita jawa emang se menjiwai itu bener2 film yg teatrikal bgt haah sdh lama ga nonton teater
negative,abis nonton film kartini jadi kepengen baca buku biografinya ra kartini
negative,convomfs pernah ketemu dian sastro pa promosi film kartini di mall sempet salaman juga tangannya lembuuuuut bgt kayak ga pernah nyuci piring
positive,ayushita sebagai kardinah dalam film kartini
negative,yenny rachman sebagai kartini dalam film ra kartini 1982
positive,dian sastrowardoyo sebagai kartini dalam film kartini 2017
positive,selamat hari pahlawan jangan lewatkan momen spesial ini dengan menonton film epik tentang kartini siapsiap terinspirasi haripahlawan suratcintauntukkartini filmindonesia chiccojerikho raniaputrisari
positive,tjokroaminoto sang pencerah dan kartini yang menginspirasi dan membangkitkan semangat patriotisme kita semoga dengan menonton filmfilm ini kita bisa lebih menghargai perjuangan para pahlawan kita
negative,9 rekomendasi film berkisah pahlawan dari sang kiai hingga ra kartini download nu online super app aplikasi keislaman terlengkap androidios
positive,netflixid cuma pemeran ini yg saya gak lihat dia kayak akting di sinetron ikatan cinta kl dian sastro msh kayak lg main film kartini lihat putri marino aktingnya sm pa jadi polwan di big 4
positive,hshshshs ak baru nonton film kartini kok gada yg bilang film nya seseru itu
negative,moviemenfes nder kamu nggak tahu kartini soekarno ada film g30s jg historical fiction jg ada bumi manusia tenggelamnya kapal van der wijck animasi battle surabaya
positive,lagi nonton film kartini dan gue nangis banget di scene kartini mau nikah yang calonnya bilang aku ikhlas mengawal citacitamu
positive,sertacabii garanti bankas kredi kartn desteklemediini sylyor parakard iin ilem yaptk kredi kartn nasl deitirme yapacaz film yapyorlar gibi geldi
positive,moviemenfes 810 ada beberapa part yang ngganjel kurang tapi selera orang berbeda yaah cuma ario bayu sama dian sastro beneran cocok bgt main film bertema masa lampau agak kaget aja soekarno dan kartini ternyata saling suka di dimensi lain
positive,gegara gadis kretek gue jadi nonton film kartini
positive,peringatan hari kartini 198 arsip dokumentasi peringatan hari kartini 22 april 1985
positive,couldnt agree mbak dian ni gak belajar dari wagu logatnya dr jaman film kartini
positive,nonton gadis kretek dejavu film kartini yg tokoh utamanya juga disa sebenarnya hehe cuma beda di kartini ga ada kretek pusatnya di keluarga privilege perjodohan malah fokus ke asmara timbang emansipasi
negative,wagimandeep212 percuma aja dibisikkan begitu kpd org yg doyan film porno kagak bakalan paham
negative,indonesiaperks4 aniesbaswedan cakiminow lah bantah dong jgn ngejunk begini hahaha capres kk ini punya kelainan jiwa dan seks punya istri secantik dan soleha begini knp masih doyan film porno kak
positive,ganjarpranowo itu ada kelainan dlm dirinya kak dia punya istri cantik dan soleha tapi kenapa masih hoby nonton film porno selain itu dia juga koruptor pokoknya kagak ada yg dibanggakan dr seorang ganjar
negative,gusraharjo ganjarpranowo istrinya cantik dan soleha begini tapi masih juga hoby nonton film porno ada kelainan pada diri ganjar
negative,melihatindo ganjarpranowo istri sudah cantik dan soleha begini tapi masih juga nonton film porno ada yg salah pada diri ganjar
negative,bangherwin jokowi ganjarpranowo anakkolong istri sudah cantik dan soleha begini tapi masih juga nonton film porno ada yg salah pada diri ganjar
negative,opposite6888 ganjar itu koruptor dan penyuka film porno nol prestasi dan gagasan sampah kayak begini dijadikan capres tambah hancur indonesia cukup sudah menghancurkan indonesia jokowi jgn ditambah ganjar lagi
positive,semoga alam tidak mengikuti jejak ayah yah yang suka film porno alam bersihkan pemikiranmu dari suatu yg porno karena itu merusak otakmu itu yang dialami ayahmu sekarang makanya nekat ikut pilpres walau nol prestasi dan gagasan
negative,airindatanglagi ganjarpranowo istri secantik dan soleha begini masih juga nonton film porno dasar gk punya ahlaq
negative,wagimandeep212 ganjarpranowo semoga alam tidak sebejad bapaknya yah yg doyan film porno alam terlihat ada terlihat menjadi orang baik berbeda dgn bapaknya jahat dengan rakyat wadas dan koruptor
positive,cinta yang terjadi di tengahtengah perang dunia kedua film ini menggambarkan betapa kuatnya cinta yang bisa bertahan meski dalam situasi yang penuh dengan ketidakpastian dan bahaya filmindonesiaterbaik
positive,dumbpumb12 muta kartn dnp karta uygulayacam senaryolar film eridi gibi geirdim
positive,simbokdharmi andisinulingga jokowi ganjarpranowo pdiperjuangan kagak malu gitu mendukung capres yg suka film cabul
positive,nonton pertama kali itu sang surya trs habibie ainun 99 cahaya ampe cerita yg bulan terbelah dilan aadc 2 kartini stupid bos negri van oranje yg sangat dan tdk lupa film surga yang tak dirindukan g tw apa lagi sdh lupa
